City,Cloudiness,Country,Date,Humidity,Latitude,Longitude,Max Temp F,Wind Speed
Tuktoyaktuk,75,CA,1565066206,86,69.44,-133.03,39.2,5.82
Walvis Bay,0,NA,1565066207,93,-22.95,14.51,59.0,2.24
Katsuura,75,JP,1565066207,88,33.93,134.5,91.0,21.92
Manzhouli,100,CN,1565066208,91,49.6,117.43,56.03,25.01
Yellowknife,90,CA,1565066208,93,62.45,-114.38,48.2,12.75
Mataura,66,NZ,1565066208,67,-46.19,168.86,51.01,5.99
Busselton,42,AU,1565066209,37,-33.64,115.35,61.0,19.26
Troitskoye,0,RU,1565066209,43,52.98,84.68,79.61,7.11
Matara,0,BI,1565066209,42,-3.48,29.48,60.35,2.93
Hailar,100,CN,1565066210,80,49.2,119.7,61.07,19.84
Hobyo,44,SO,1565066210,54,5.35,48.53,86.09,22.57
Carnarvon,0,ZA,1565066210,83,-30.97,22.13,38.03,0.83
Fortuna,90,US,1565066211,82,40.6,-124.16,62.01,9.17
Ushuaia,20,AR,1565066171,94,-54.81,-68.31,32.0,17.22
Medicine Hat,1,CA,1565066211,21,50.04,-110.68,78.8,5.82
Tual,91,ID,1565066212,85,-5.67,132.75,77.45,16.2
Yar-Sale,55,RU,1565066212,56,66.83,70.83,64.31,13.67
Mar del Plata,24,AR,1565066212,74,-46.43,-67.52,43.25,22.7
Pangai,75,TO,1565066213,73,-19.8,-174.35,73.4,10.29
Abu Dhabi,0,AE,1565066140,55,24.47,54.37,91.4,4.7
Butaritari,56,KI,1565066213,68,3.07,172.79,85.55,9.53
Victoria,90,BN,1565065950,88,5.28,115.24,87.8,1.12
Uglich,100,RU,1565066214,92,57.53,38.32,48.29,10.8
Letka,0,BA,1565066214,82,43.74,17.27,71.01,3.36
Viedma,100,AR,1565066172,36,-40.81,-62.99,55.13,13.29
Barrow,0,AR,1565066215,60,-38.31,-60.23,52.07,21.3
Rikitea,46,PF,1565066202,76,-23.12,-134.97,72.41,7.76
Kensington,40,CA,1565066216,77,46.44,-63.64,62.6,5.82
Hilo,40,US,1565066140,74,19.71,-155.08,80.6,4.7
Albany,1,US,1565066158,72,42.65,-73.75,64.4,0.56
Husavik,44,CA,1565066217,59,50.56,-96.99,61.0,6.4
Punta Arenas,90,CL,1565066217,80,-53.16,-70.91,33.8,23.04
Tezu,90,IN,1565066217,61,27.93,96.16,87.35,3.58
Saint George,0,GR,1565066218,64,39.45,22.34,75.0,6.93
Ponta Delgada,75,PT,1565066219,94,37.73,-25.67,73.4,16.11
Atuona,0,PF,1565066219,71,-9.8,-139.03,80.33,18.61
Nuuk,95,GL,1565066220,100,64.17,-51.74,41.0,4.7
Ingham,98,AU,1565066220,66,-18.65,146.16,70.79,4.76
Hofn,79,IS,1565066220,95,64.25,-15.21,39.29,12.28
Guelph,1,CA,1565066094,88,43.55,-80.25,75.0,4.7
Luwuk,78,ID,1565066221,82,-0.95,122.79,67.73,6.2
Yilan,4,CN,1565066221,40,43.11,129.52,93.11,4.52
Tuatapere,82,NZ,1565066221,67,-46.13,167.69,51.01,5.99
Khatanga,100,RU,1565066222,48,71.98,102.47,73.31,10.09
Provideniya,0,RU,1565066222,62,64.42,-173.23,51.8,8.95
Klaksvik,100,FO,1565066222,82,62.23,-6.59,55.4,6.93
Pacific Grove,90,US,1565066134,82,36.62,-121.92,66.0,5.82
Dikson,100,RU,1565066223,100,73.51,80.55,42.35,8.19
Erzin,0,TR,1565066224,78,36.95,36.2,81.0,14.99
Karratha,0,AU,1565066224,15,-20.74,116.85,84.29,3.69
Hermanus,82,ZA,1565066225,73,-34.42,19.24,63.0,1.01
Santa Rosa,0,AR,1565066225,48,-36.62,-64.29,49.37,10.92
Palafrugell,0,ES,1565066225,77,41.92,3.16,72.0,2.15
Chokurdakh,0,RU,1565066226,36,70.62,147.9,61.25,5.08
Yumen,100,CN,1565066226,11,40.29,97.04,95.27,17.54
Lagoa,0,PT,1565066227,64,37.14,-8.45,69.8,4.7
Hithadhoo,100,MV,1565066227,75,-0.6,73.08,84.29,10.89
Nhulunbuy,40,AU,1565066228,65,-12.18,136.78,80.6,16.11
Avarua,86,CK,1565066228,83,-21.21,-159.78,77.0,4.7
Constitucion,12,MX,1565066229,68,23.99,-104.67,70.0,15.01
Omboue,68,GA,1565066229,85,-1.57,9.26,72.59,13.24
Kawalu,39,ID,1565066195,41,-7.38,108.21,79.79,8.01
Timbuktu,71,ML,1565066230,43,16.77,-3.01,91.13,8.63
Teya,75,MX,1565066230,88,21.05,-89.07,79.0,11.41
Nome,1,US,1565066231,100,30.04,-94.42,84.0,4.97
Jamestown,0,AU,1565066231,37,-33.21,138.6,63.05,14.52
Bluff,23,AU,1565066231,46,-23.58,149.07,70.07,12.48
Pedro Juan Caballero,0,PY,1565066232,79,-22.55,-55.74,59.99,8.81
Fairbanks,90,US,1565066113,100,64.84,-147.72,59.0,8.05
Haines Junction,72,CA,1565066232,79,60.75,-137.51,58.37,1.32
Evensk,100,RU,1565066233,80,61.92,159.24,54.23,8.1
Bredasdorp,65,ZA,1565066233,67,-34.53,20.04,63.0,9.17
Port Alfred,29,ZA,1565066234,64,-33.59,26.89,57.0,7.0
Karpathos,0,GR,1565066234,69,35.51,27.21,75.2,29.97
Bonavista,0,CA,1565066234,83,48.65,-53.11,59.0,13.0
Red Bluff,1,US,1565066235,30,40.18,-122.24,86.0,3.36
Georgetown,20,GY,1565066235,94,6.8,-58.16,78.8,4.7
Guayaramerin,0,BO,1565066235,47,-10.82,-65.36,58.73,2.42
Savonlinna,75,FI,1565066236,93,61.87,28.88,53.01,8.16
Los Llanos de Aridane,0,ES,1565066236,83,28.66,-17.92,71.6,8.05
The Valley,40,AI,1565066237,83,18.22,-63.06,82.4,12.75
Isangel,90,VU,1565066237,78,-19.55,169.27,73.4,9.17
Lufilufi,75,WS,1565066237,66,-13.87,-171.6,89.6,8.05
Lebu,90,ET,1565066238,87,8.96,38.73,57.2,8.05
Bara,98,NG,1565066239,87,10.41,10.6,73.85,2.39
Castro,100,CL,1565066239,93,-42.48,-73.76,41.0,5.82
Ancud,91,CL,1565066240,93,-41.87,-73.83,41.0,5.82
Huarmey,61,PE,1565066240,87,-10.07,-78.15,60.35,13.11
Narsaq,12,GL,1565066241,84,60.91,-46.05,38.93,2.24
Cabo San Lucas,5,MX,1565066053,58,22.89,-109.91,84.2,4.7
Pagudpud,75,PH,1565066242,74,18.56,120.79,86.0,6.93
Yelizovo,75,RU,1565066007,77,53.19,158.38,60.8,11.18
Cuenca,99,EC,1565066242,94,-2.9,-79.0,43.43,4.52
Qaanaaq,0,GL,1565066243,72,77.48,-69.36,38.39,4.18
Blackwater,68,GB,1565066243,87,51.33,-0.78,63.0,4.7
Kruisfontein,66,ZA,1565066244,64,-34.0,24.73,54.41,7.31
Abonnema,100,NG,1565066244,91,4.71,6.79,74.93,7.14
Christchurch,0,NZ,1565066244,80,-43.53,172.64,55.4,5.82
Cape Town,90,ZA,1565066158,93,-33.93,18.42,59.0,12.75
Maues,64,BR,1565066245,73,-3.38,-57.72,71.69,1.19
Neiafu,75,TO,1565066245,73,-18.65,-173.98,75.2,9.17
Hobart,75,AU,1565066072,44,-42.88,147.33,60.8,14.99
Sosua,20,DO,1565066246,94,19.77,-70.52,81.0,8.05
Mount Isa,85,AU,1565066246,18,-20.73,139.49,80.6,6.93
Taoudenni,41,ML,1565066247,33,22.68,-3.98,92.57,10.47
Vanavara,16,RU,1565066247,21,60.35,102.28,81.23,5.44
Polewali,11,ID,1565066247,72,-4.03,119.8,81.23,12.46
Udachnyy,0,RU,1565066248,36,66.42,112.4,78.8,6.71
Faya,5,SA,1565066248,68,18.39,42.45,68.0,4.7
Bonga,100,ET,1565066248,98,7.26,36.25,58.01,0.6
Puerto Ayora,40,EC,1565066249,93,-0.74,-90.35,66.99,1.01
Jiujiang,83,CN,1565066249,53,29.73,115.99,94.19,2.21
Asyut,0,EG,1565066249,54,27.18,31.19,78.8,7.43
Micheweni,53,TZ,1565066250,84,-4.97,39.83,76.55,12.26
Aden,2,YE,1565066250,50,12.79,45.03,94.37,9.17
Kaitangata,77,NZ,1565066250,47,-46.28,169.85,51.01,11.01
Vaini,90,IN,1565066251,94,15.34,74.49,71.6,17.22
Saint-Michel-des-Saints,83,CA,1565066251,79,46.68,-73.92,59.27,7.61
Nouadhibou,75,MR,1565066251,88,20.93,-17.03,68.0,21.92
Bam,0,IR,1565066252,8,29.11,58.36,91.67,11.5
Goderich,81,CA,1565066111,90,43.74,-81.71,70.0,1.01
Zhumadian,88,CN,1565066070,55,33.01,114.02,91.67,3.51
Dingle,99,PH,1565066253,85,11.0,122.67,79.79,13.76
Mount Gambier,40,AU,1565066253,54,-37.83,140.78,59.0,18.34
New Norfolk,75,AU,1565066253,44,-42.78,147.06,60.8,14.99
Bethel,90,US,1565066254,100,60.79,-161.76,57.2,16.11
Gorontalo,10,ID,1565066254,57,0.54,123.06,84.47,12.88
Idrinskoye,99,RU,1565066254,92,54.37,92.14,65.21,4.18
Ondjiva,10,AO,1565066255,34,-17.07,15.73,57.11,4.65
Bukama,82,CD,1565066255,32,-9.2,25.85,77.45,1.28
Atasu,0,KZ,1565066255,16,48.68,71.64,92.39,13.15
Maragogi,17,BR,1565066256,93,-9.01,-35.22,67.91,6.46
Hirara,75,JP,1565066256,74,24.8,125.28,87.8,18.34
Ilulissat,0,GL,1565066256,93,69.22,-51.1,37.4,1.63
Geraldton,75,CA,1565066257,93,49.72,-86.95,60.8,5.82
Chuy,0,UY,1565066044,88,-33.69,-53.46,50.81,11.9
Kon Tum,100,VN,1565066257,96,14.36,108.0,75.47,2.08
Dotnuva,0,LT,1565066258,87,55.37,23.89,50.0,4.9
Hami,100,CN,1565066258,94,42.84,93.51,66.99,20.22
Nacogdoches,1,US,1565066258,83,31.6,-94.66,81.0,2.84
Huesca,63,ES,1565066259,68,42.14,-0.41,72.0,2.24
Mogzon,0,RU,1565066259,34,51.74,111.97,66.83,9.98
Torbay,5,CA,1565066197,93,47.66,-52.73,60.01,17.22
Port-Gentil,91,GA,1565066260,83,-0.72,8.78,73.49,13.09
Hwange,0,ZW,1565066261,49,-18.35,26.5,67.91,2.53
Kirakira,76,SB,1565066261,77,-10.46,161.92,82.13,4.76
Nago,0,IT,1565066261,88,45.88,10.89,75.99,4.7
Port Lincoln,0,AU,1565066220,84,-34.72,135.86,57.47,10.76
Oruro,0,BO,1565066262,23,-17.97,-67.11,37.49,2.91
Souillac,0,FR,1565066262,87,45.6,-0.6,68.0,4.7
Kapaa,90,US,1565066263,74,22.08,-159.32,84.2,11.41
Launceston,90,AU,1565066023,71,-41.43,147.14,53.6,20.8
Dharchula,71,IN,1565066263,80,29.85,80.53,65.75,6.85
Marsala,0,IT,1565066264,88,37.8,12.44,77.0,3.36
Rajbiraj,6,NP,1565066264,41,26.54,86.75,100.49,8.66
Businga,98,CD,1565066265,91,3.34,20.89,72.23,2.42
Kisangani,35,CD,1565066265,77,0.52,25.21,74.93,3.15
Peruc,0,CZ,1565066265,77,50.34,13.96,64.99,8.05
Kahului,75,US,1565065765,69,20.89,-156.47,82.4,12.75
Zyryanka,100,RU,1565066266,43,65.73,150.89,64.31,10.49
Port Elizabeth,1,US,1565066267,88,39.31,-74.98,77.0,2.84
Severo-Yeniseyskiy,100,RU,1565066267,71,60.37,93.04,71.87,4.12
Entre Rios,6,BR,1565066267,96,-11.94,-38.08,63.23,5.86
North Platte,1,US,1565066268,88,41.12,-100.77,69.01,4.7
Ponta do Sol,37,BR,1565066268,94,-20.63,-46.0,53.69,6.11
East London,0,ZA,1565066268,54,-33.02,27.91,57.2,9.17
Lichinga,0,MZ,1565066269,62,-13.3,35.25,57.2,9.17
Bambous Virieux,40,MU,1565066270,88,-20.34,57.76,73.0,6.93
Vydrino,20,RU,1565066270,35,51.46,104.64,75.0,1.99
Miri,100,NG,1565066271,89,10.31,9.75,71.51,2.46
Kaduqli,34,SD,1565066271,78,11.01,29.72,75.83,5.41
Saint-Philippe,1,CA,1565066272,68,45.36,-73.48,72.0,4.7
Bandundu,1,CD,1565066272,73,-3.32,17.38,76.19,1.45
Gorom-Gorom,100,BF,1565066273,71,14.45,-0.24,80.69,11.99
Amapa,75,HN,1565066273,83,15.09,-87.97,78.01,3.36
Arandis,0,NA,1565066274,94,-22.42,14.98,51.01,9.35
Satun,75,TH,1565065992,79,6.62,100.07,89.6,5.82
Cherskiy,99,RU,1565066275,81,68.75,161.3,56.57,7.61
Surt,0,LY,1565066105,62,31.21,16.59,80.51,6.42
Pangnirtung,87,CA,1565066275,67,66.15,-65.72,50.99,0.81
Diamantino,47,BR,1565066276,45,-14.4,-56.44,65.03,1.1
Salihorsk,16,BY,1565066276,71,52.79,27.54,57.47,4.36
Jitra,75,MY,1565066040,70,6.27,100.42,89.6,5.82
Sambava,74,MG,1565066277,70,-14.27,50.17,73.67,3.62
Pevek,100,RU,1565066277,89,69.7,170.27,40.55,3.02
Abong Mbang,53,CM,1565066278,98,3.98,13.18,66.29,2.77
Coahuayana,99,MX,1565066278,87,18.62,-100.35,74.03,2.59
Batagay-Alyta,94,RU,1565066278,61,67.8,130.41,54.41,3.65
Kamenka,0,MD,1565066279,66,48.03,28.7,65.75,1.34
Ternate,75,PH,1565066279,88,14.29,120.72,87.01,12.75
Gazli,0,UZ,1565066280,8,40.13,63.45,102.83,13.29
Tasiilaq,89,GL,1565066280,87,65.61,-37.64,42.8,2.24
Plettenberg Bay,57,ZA,1565066280,62,-34.05,23.37,55.67,6.58
Turayf,0,SA,1565066281,50,31.68,38.65,75.2,13.87
Coihaique,20,CL,1565066281,93,-45.58,-72.07,41.0,5.82
Cidreira,0,BR,1565066281,92,-30.17,-50.22,54.95,5.77
Auki,98,NG,1565066282,93,12.18,6.51,72.05,5.86
Upernavik,0,GL,1565066282,80,72.79,-56.15,41.27,11.1
Rawson,14,AR,1565066275,45,-43.3,-65.11,49.73,22.1
Tilichiki,94,RU,1565065988,81,60.47,166.1,55.49,7.09
Gaeta,0,IT,1565066284,94,41.22,13.56,75.0,5.82
Courtenay,0,FR,1565066284,77,48.04,3.06,68.0,6.93
Cockburn Town,9,TC,1565066285,81,21.46,-71.14,82.67,21.39
Belaya Gora,21,RU,1565066285,32,68.54,146.19,66.83,4.81
Severo-Kurilsk,46,RU,1565066285,93,50.68,156.12,49.37,26.66
Mailsi,0,PK,1565066286,30,29.8,72.18,106.79,13.71
Richards Bay,100,ZA,1565066286,81,-28.77,32.06,70.25,15.84
Zhoucun,100,CN,1565066287,74,35.48,112.62,73.85,3.98
Banjar,54,ID,1565066287,42,-7.37,108.54,82.85,7.78
Xining,0,CN,1565066288,49,36.62,101.77,75.99,4.63
Pokaran,2,IN,1565066288,44,26.93,71.92,95.63,13.8
Puerto del Rosario,90,ES,1565066288,78,28.5,-13.86,71.6,14.99
Tocopilla,0,CL,1565066289,84,-22.09,-70.2,56.57,3.33
Monroe,1,US,1565066043,94,41.91,-83.4,77.0,7.05
Sangar,4,RU,1565066290,41,63.92,127.47,69.89,16.28
Lao Cai,94,VN,1565066290,77,22.48,103.95,78.53,1.97
Nikolskoye,0,RU,1565066290,87,59.7,30.79,52.0,4.97
Tabory,94,PL,1565066291,85,53.89,19.53,61.0,8.95
Chapais,75,CA,1565066291,82,49.78,-74.86,60.8,5.82
Longyearbyen,20,NO,1565066292,76,78.22,15.63,48.2,6.93
Santander,75,PH,1565066007,59,9.42,123.33,89.6,13.87
Torquay,42,GB,1565066293,90,50.47,-3.52,63.0,4.0
Kenai,20,US,1565066293,60,60.55,-151.26,73.4,13.87
Leningradskiy,90,RU,1565066293,73,69.38,178.42,48.47,14.81
Esperance,90,AU,1565066294,82,-33.86,121.89,55.4,8.05
Joinville,75,BR,1565066294,100,-26.3,-48.85,59.0,6.93
Pasni,46,PK,1565066294,50,25.26,63.48,90.95,5.91
Balkanabat,0,TM,1565066295,33,39.51,54.36,88.79,9.8
Chumikan,11,RU,1565066295,40,54.72,135.31,71.33,8.5
La Ronge,40,CA,1565066295,100,55.1,-105.3,59.0,2.24
Kavieng,30,PG,1565066296,65,-2.57,150.8,83.57,4.88
Tambongon,75,PH,1565066296,70,7.26,125.66,87.8,11.41
Antoniny,0,UA,1565066296,75,49.81,26.86,62.51,3.85
Miranda,0,BR,1565066297,61,-20.24,-56.38,58.01,4.14
Mananjary,22,MG,1565066297,24,-19.16,46.8,72.59,4.54
Killybegs,92,IE,1565066298,95,54.63,-8.45,53.01,1.99
San Patricio,0,PY,1565066298,90,-26.98,-56.83,52.61,5.82
Aswan,0,EG,1565066298,23,24.09,32.9,86.0,2.24
Lasa,40,CY,1565066299,73,34.92,32.53,77.0,5.82
Mweka,30,CD,1565066299,54,-4.85,21.56,79.43,3.87
Flin Flon,93,CA,1565066300,98,54.77,-101.88,59.81,4.99
Ola,100,RU,1565066300,97,59.58,151.3,49.91,18.12
Uray,100,RU,1565066300,84,60.13,64.8,60.89,15.75
Aykhal,0,RU,1565066301,36,65.95,111.51,78.8,6.71
Olinda,75,AU,1565066301,66,-37.84,145.39,57.0,17.22
Noumea,75,NC,1565066302,41,-22.28,166.46,78.8,9.17
Praia,40,BR,1565066302,72,-20.25,-43.81,60.8,4.7
Beringovskiy,94,RU,1565066302,57,63.05,179.32,65.03,6.78
Havre,1,US,1565066303,40,48.55,-109.68,73.99,4.7
Poya,0,NC,1565066303,72,-21.35,165.16,69.35,17.54
Lompoc,90,US,1565066303,100,34.64,-120.46,64.99,10.29
Flinders,0,AU,1565066304,16,-34.58,150.85,68.0,13.87
Deputatskiy,43,RU,1565066304,59,69.3,139.9,59.27,12.06
Damaturu,78,NG,1565066305,74,11.75,11.96,77.45,5.35
Peniche,20,PT,1565066305,88,39.36,-9.38,66.2,5.82
Aksu,0,KZ,1565066305,28,52.04,76.93,84.2,11.18
Hovd,0,NO,1565066306,93,63.83,10.7,54.0,5.82
Jalu,0,LY,1565066306,63,29.03,21.55,76.55,10.42
Gardez,0,AF,1565066307,11,33.6,69.22,82.13,8.16
Ossora,100,RU,1565066307,78,59.24,163.07,57.65,7.31
Ihosy,11,MG,1565066308,36,-22.4,46.13,68.63,8.39
Arraial do Cabo,100,BR,1565066308,79,-22.97,-42.02,66.83,13.62
La Primavera,0,AR,1565066308,39,-32.92,-68.67,46.4,5.82
Itarema,41,BR,1565066309,84,-2.92,-39.92,72.59,7.61
Vostok,94,RU,1565066309,81,46.45,135.83,81.77,4.05
Faanui,0,PF,1565066309,81,-16.48,-151.75,78.35,11.81
Norman Wells,75,CA,1565066310,58,65.28,-126.83,53.6,3.36
Corocito,90,HN,1565066310,79,15.78,-85.79,82.85,17.6
Muscat,20,OM,1565066310,89,23.6,58.55,89.6,1.12
Manoel Urbano,0,BR,1565066311,44,-8.84,-69.26,56.21,1.28
Saskylakh,96,RU,1565066311,49,71.97,114.09,69.89,11.39
Cayenne,0,GF,1565066312,94,4.94,-52.33,77.0,3.87
Vanimo,99,PG,1565066312,90,-2.67,141.3,76.01,2.82
Beira,40,ES,1565066312,93,43.2,-8.36,66.99,4.7
Sitka,100,US,1565066313,73,37.17,-99.65,82.0,7.0
Namatanai,65,PG,1565066313,78,-3.66,152.44,79.61,5.01
Dali,100,CN,1565066283,76,34.79,109.94,71.87,2.8
Kodiak,1,US,1565066314,83,39.95,-94.76,77.0,6.6
Thompson,75,CA,1565066314,77,55.74,-97.86,62.6,6.93
Arman,100,RU,1565066314,98,59.7,150.17,48.65,7.87
Vila Velha,40,BR,1565066315,69,-3.71,-38.6,78.8,16.11
Esna,5,RO,1565066315,87,45.2,27.57,57.2,2.24
Qaqortoq,12,GL,1565066315,84,60.72,-46.03,38.93,2.24
Lagos,40,NG,1565066219,88,6.46,3.39,77.0,3.36
Riosucio,40,CO,1565066316,83,5.42,-75.7,69.8,9.17
Urucara,80,BR,1565066316,75,-2.54,-57.76,71.33,1.61
Vestmannaeyjar,100,IS,1565066317,83,63.44,-20.27,51.17,14.29
Cartagena,0,ES,1565066280,88,37.63,-1.0,78.01,2.24
Marsh Harbour,100,BS,1565066317,77,26.54,-77.06,83.93,17.34
Atambua,33,ID,1565066318,74,-9.11,124.89,77.27,12.26
Chicama,39,PE,1565066318,93,-7.84,-79.15,59.63,10.13
Namibe,0,AO,1565066248,75,-15.19,12.15,65.21,7.43
Airai,33,TL,1565066319,53,-8.93,125.41,83.03,4.72
Havre-Saint-Pierre,90,CA,1565066319,93,50.23,-63.6,57.2,5.82
Sovetskiy,100,RU,1565066320,85,56.76,48.47,49.01,14.36
Stancuta,70,RO,1565066320,45,44.9,27.83,73.85,5.61
Scottsbluff,1,US,1565066320,69,41.87,-103.67,73.4,5.99
Komsomolskiy,88,RU,1565066321,59,67.55,63.78,59.63,11.95
Camacupa,45,AO,1565066321,52,-12.02,17.48,63.77,1.41
Ostersund,0,SE,1565066321,93,63.18,14.64,46.4,3.36
Holme,53,DK,1565066322,100,56.11,10.17,62.6,1.12
Ramsar,90,IR,1565066322,88,36.92,50.64,75.2,4.7
Chimbote,52,PE,1565066322,90,-9.08,-78.59,60.17,10.92
Vincennes,75,FR,1565066323,77,48.85,2.44,68.0,4.7
Puro,100,PH,1565066323,92,13.13,123.76,78.71,25.12
Alice Springs,0,AU,1565066324,17,-23.7,133.88,77.0,8.05
Alofi,80,NU,1565066324,83,-19.06,-169.92,75.2,13.87
Murray Bridge,1,AU,1565066217,40,-35.12,139.28,66.0,8.01
Ganzhou,4,CN,1565066120,53,25.86,114.93,93.11,4.21
Daru,97,PG,1565066325,77,-9.07,143.21,78.17,11.79
Port Shepstone,0,ZA,1565066325,62,-30.74,30.45,55.13,3.36
Ust-Kuyga,94,RU,1565066326,68,70.0,135.55,51.89,13.73
Luderitz,0,NA,1565066326,34,-26.65,15.16,51.8,2.24
Peyima,100,SL,1565066327,99,8.69,-11.04,70.25,1.52
Oksfjord,75,NO,1565066327,70,70.24,22.35,48.2,11.41
Grand-Santi,99,GF,1565066327,99,4.27,-54.38,73.13,3.47
Vardo,1,US,1565066328,83,39.62,-77.74,73.4,3.36
Mayo,90,CA,1565066328,37,63.59,-135.9,69.8,5.82
Guanica,40,PR,1565066226,73,17.97,-66.91,82.99,10.0
Doha,0,QA,1565066204,23,25.29,51.53,98.6,9.17
Genhe,100,CN,1565066329,95,50.78,121.52,50.81,4.12
Agirish,100,RU,1565066329,92,61.92,63.02,58.01,14.76
Zholymbet,27,KZ,1565066330,24,51.74,71.71,87.89,11.77
Ramanuj Ganj,100,IN,1565066330,55,23.81,83.7,92.57,7.74
Dunedin,33,NZ,1565066330,61,-45.87,170.5,46.0,8.99
Nangwa,0,TZ,1565066331,46,-4.5,35.44,68.63,10.38
Pedernales,66,EC,1565066331,89,0.07,-80.05,71.69,19.19
Hauge,100,NO,1565066332,93,59.25,10.99,59.0,2.24
Pontianak,20,ID,1565066332,55,-0.02,109.34,86.0,5.82
Alacranes,20,CU,1565066332,94,22.77,-81.57,78.8,4.7
Laguna,40,BZ,1565066333,100,16.17,-88.94,78.8,1.57
Vieques,20,PR,1565066333,78,18.43,-65.83,82.4,12.75
Talnakh,75,RU,1565066334,87,69.49,88.39,60.8,13.42
Novopokrovka,0,UA,1565066334,76,49.84,36.56,53.6,6.71
Tucupita,46,VE,1565066334,92,9.06,-62.05,74.75,0.69
Midyat,0,TR,1565066335,20,37.42,41.36,87.8,2.24
Tiznit,0,MA,1565066335,91,29.7,-9.73,66.65,0.25
Kouroussa,99,GN,1565066335,98,10.65,-9.88,69.89,4.79
Goure,62,NE,1565066336,67,13.98,10.27,79.43,7.4
Poso,0,ID,1565066336,53,-1.4,120.75,77.45,6.33
Socorro,1,US,1565066078,26,31.65,-106.3,93.2,5.82
Sisimiut,72,GL,1565066337,94,66.94,-53.67,42.17,13.29
Codrington,0,AU,1565066337,31,-28.95,153.24,75.2,4.97
Stephenville,75,CA,1565066337,82,48.55,-58.59,60.8,9.17
Funehiki,40,JP,1565066338,55,37.43,140.58,97.0,3.36
Alanya,20,TR,1565066338,94,36.55,32.0,73.4,4.7
Tigil,100,RU,1565066339,87,57.8,158.67,58.01,4.54
Nanortalik,97,GL,1565066339,96,60.14,-45.24,38.93,4.27
Saint-Joseph,0,FR,1565066339,94,43.56,6.97,73.4,4.7
Mulchen,81,CL,1565066340,97,-37.72,-72.23,41.09,2.33
Hamilton,20,CA,1565066341,93,43.26,-79.87,75.2,5.82
Kirksville,1,US,1565066050,88,40.19,-92.58,75.2,3.36
Hambantota,75,LK,1565066342,100,6.12,81.12,82.4,9.17
Ayagoz,0,KZ,1565066342,28,47.96,80.43,80.51,20.62
Marshall,1,US,1565066070,88,39.12,-93.2,75.99,7.76
Ahipara,72,NZ,1565066343,99,-35.17,173.16,55.99,14.54
Healdsburg,1,US,1565066343,77,38.61,-122.87,71.01,5.82
Guerrero Negro,34,MX,1565066344,83,27.97,-114.04,67.37,13.49
Ha Tinh,36,VN,1565066344,54,18.33,105.9,94.19,3.71
Kysyl-Syr,0,RU,1565066344,40,63.9,122.77,72.41,7.52
Khanna,1,IN,1565066273,52,30.7,76.22,95.27,5.82
Bubaque,100,GW,1565066345,83,11.28,-15.83,79.97,17.87
Port Macquarie,0,AU,1565066276,28,-31.43,152.91,77.0,11.41
Sao Borja,0,BR,1565066238,92,-28.66,-56.0,51.17,8.66
Manzil Salim,20,TN,1565066346,49,35.86,8.48,69.8,4.7
Rafaela,0,AR,1565066103,56,-31.25,-61.49,51.01,7.0
Buala,91,SB,1565066346,78,-8.15,159.59,81.77,8.52
Sulangan,100,PH,1565066347,71,11.14,123.72,85.37,23.91
Tapalpa,100,MX,1565066347,88,19.94,-103.76,67.55,2.75
Zeya,0,RU,1565066348,31,53.74,127.27,72.23,6.11
Shilka,100,RU,1565066348,39,51.85,116.03,67.73,17.76
Dwarka,90,IN,1565066348,94,28.58,77.04,89.01,4.7
Bukachacha,100,RU,1565066349,31,52.99,116.91,68.81,8.93
Tura,88,RU,1565066349,31,64.27,100.22,77.63,18.16
Kabale,0,UG,1565066218,48,-1.26,29.99,60.89,1.81
Quatre Cocos,40,MU,1565066350,88,-20.21,57.76,73.0,6.93
Bindura,0,ZW,1565066350,45,-17.3,31.33,65.57,3.06
Muli,96,CN,1565066351,60,28.08,109.56,89.51,1.74
Gravelbourg,0,CA,1565066352,47,49.88,-106.56,67.91,6.76
Arlit,1,NE,1565066352,55,18.74,7.39,85.73,12.86
Adrar,0,DZ,1565066352,12,27.87,-0.29,87.8,13.87
Pithiviers,0,FR,1565066353,88,48.17,2.25,68.0,3.36
Beloha,0,MG,1565066353,38,-25.17,45.06,75.47,5.77
Beyneu,57,KZ,1565066354,29,45.32,55.19,74.03,18.05
Kampene,5,CD,1565066354,70,-3.59,26.67,75.83,3.22
Kavaratti,75,IN,1565066355,83,10.57,72.64,84.2,11.41
Zirgan,68,RU,1565066355,63,53.22,55.92,56.93,19.48
Bilibino,100,RU,1565066355,97,68.06,166.44,46.49,3.04
Batemans Bay,0,AU,1565066356,59,-35.71,150.18,62.01,5.01
Sao Filipe,67,CV,1565066356,80,14.9,-24.5,74.21,10.13
Labuhan,82,ID,1565066356,39,-2.54,115.51,92.03,3.22
Westport,1,US,1565066357,83,41.14,-73.36,73.4,1.86
Kasama,0,ZM,1565066357,54,-10.21,31.19,63.41,5.46
Mahebourg,40,MU,1565066357,88,-20.41,57.7,73.0,6.93
Bria,100,CF,1565066358,89,6.54,21.99,72.05,0.89
Sterling,1,US,1565066358,78,39.0,-77.4,75.99,3.36
Shahr-e Kord,0,IR,1565066358,22,32.33,50.85,69.8,2.24
Cabedelo,40,BR,1565066359,83,-6.97,-34.84,75.2,13.87
Salalah,90,OM,1565066359,100,17.01,54.1,77.0,6.93
Benton Harbor,75,US,1565066289,65,42.12,-86.45,78.8,8.05
Dudinka,75,RU,1565066360,87,69.41,86.18,60.8,13.42
Garissa,17,KE,1565066361,65,-0.46,39.64,77.63,14.72
Kutum,99,SD,1565066361,71,14.2,24.66,72.59,12.64
Tirat Karmel,40,IL,1565066362,78,32.76,34.97,80.01,2.24
Kanigoro,33,ID,1565066362,41,-8.13,112.22,84.65,14.38
Kloulklubed,75,PW,1565066362,74,7.04,134.26,86.0,12.75
Kailua,75,US,1565066363,78,21.39,-157.74,81.0,4.38
Tubmanburg,100,LR,1565066363,98,6.87,-10.82,72.05,2.48
Kaeo,32,NZ,1565066364,99,-35.1,173.78,55.99,6.49
Saryozek,0,KZ,1565066364,17,44.36,77.98,89.33,8.97
Clyde River,90,CA,1565066365,100,70.47,-68.59,42.8,4.7
Didsbury,75,CA,1565066365,77,51.66,-114.14,69.8,6.93
Thai Binh,20,VN,1565066365,75,20.45,106.33,89.6,3.36
Cheney,20,US,1565066264,24,47.49,-117.58,82.4,2.66
Falmouth,51,GB,1565066366,87,50.16,-5.07,63.0,17.22
San Quintin,85,PH,1565066367,71,17.54,120.52,85.37,4.76
Bratsk,0,RU,1565066367,57,56.15,101.63,75.2,6.71
Ilhabela,16,BR,1565066367,79,-23.78,-45.36,68.99,16.46
Takoradi,99,GH,1565066368,94,4.89,-1.75,72.41,3.04
Jutai,100,BR,1565066368,99,-1.71,-47.89,71.51,2.71
Scarborough,0,GB,1565066369,87,54.28,-0.41,57.99,6.93
Mehran,0,IR,1565066369,26,33.12,46.17,80.6,2.24
Sal Rei,75,CV,1565066369,73,16.18,-22.92,75.2,11.41
Kyabram,51,AU,1565066370,44,-36.31,145.05,59.0,8.66
Florianopolis,75,BR,1565066370,88,-27.6,-48.55,62.6,5.82
Neuquen,0,AR,1565066369,21,-38.95,-68.06,60.8,11.41
Gouyave,20,GD,1565066371,88,12.16,-61.73,80.6,5.82
Sinnamary,83,GF,1565066371,80,5.38,-52.96,81.59,14.09
Waipawa,59,NZ,1565066372,69,-39.94,176.59,51.01,11.01
Ribeira Grande,100,PT,1565066373,90,38.52,-28.7,72.41,1.88
Hunsur,75,IN,1565066373,88,12.3,76.29,73.4,12.75
Axim,100,GH,1565066373,91,4.87,-2.24,74.21,6.53
Nantucket,20,US,1565066374,82,41.28,-70.1,70.0,10.29
Chase,40,US,1565066374,83,38.35,-98.35,81.0,3.36
Durango,12,MX,1565066374,68,24.02,-104.67,70.0,15.01
Seoul,20,KR,1565065707,47,37.57,126.98,96.8,4.7
Krasnogorodsk,7,RU,1565066375,77,56.83,28.28,56.57,8.32
Necochea,0,AR,1565066375,67,-38.55,-58.74,53.01,14.0
Milkovo,20,BG,1565066376,72,41.53,24.68,75.99,3.36
Tiksi,98,RU,1565066376,74,71.64,128.87,48.29,10.87
Oktyabrskiy,90,RU,1565066376,87,55.61,37.97,50.0,8.95
Fare,0,PF,1565066377,78,-16.7,-151.02,78.17,11.32
Aleksandrov Gay,0,RU,1565066377,46,50.14,48.57,63.05,21.03
Gornopravdinsk,86,RU,1565066377,51,60.06,69.92,72.59,15.23
Port Hueneme,20,US,1565066378,88,34.15,-119.2,80.01,6.93
Stranda,75,NO,1565066378,93,62.31,6.93,59.0,3.36
Mahon,75,IE,1565066378,100,51.89,-8.4,60.01,10.29
Manavalakurichi,40,IN,1565066379,79,8.13,77.3,86.0,10.29
Novobirilyussy,100,RU,1565066379,72,56.95,90.69,72.05,4.41
Pravia,0,ES,1565066380,93,43.49,-6.11,66.0,4.7
Padang,20,ID,1565066380,66,-0.92,100.36,84.2,3.36
Nyurba,26,RU,1565066380,37,63.29,118.35,82.49,1.92
Chapada dos Guimaraes,0,BR,1565066376,68,-15.46,-55.75,66.2,2.24
Kulotino,30,RU,1565066381,81,58.46,33.37,52.79,6.17
Ostrovnoy,100,RU,1565066381,97,68.05,39.51,43.61,11.12
Greensburg,1,US,1565066382,94,30.83,-90.67,79.0,1.74
Grimshaw,75,CA,1565066382,87,56.19,-117.61,59.0,9.17
Petropavlovsk-Kamchatskiy,75,RU,1565066382,77,53.05,158.65,60.8,11.18
Cairns,90,AU,1565066206,69,-16.92,145.77,75.2,17.22
Paita,0,PE,1565066383,89,-5.09,-81.11,62.51,13.76
Zemaiciu Naumiestis,100,LT,1565066384,80,55.36,21.7,59.45,6.89
Qeshm,75,IR,1565066283,75,26.96,56.27,93.2,4.7
Johi,43,PK,1565066384,36,26.69,67.61,104.63,7.02
Kasongo-Lunda,47,CD,1565066385,74,-6.48,16.82,68.81,1.25
Grindavik,75,IS,1565066385,100,63.84,-22.43,51.8,6.93
Portland,1,US,1565065960,77,43.66,-70.25,64.99,6.93
Rakiv Lis,48,UA,1565066386,71,51.62,24.92,63.23,5.46
Cotonou,40,BJ,1565066386,88,6.37,2.43,77.0,11.41
Newport,75,US,1565066386,88,41.49,-71.31,69.01,3.04
Paamiut,53,GL,1565066387,94,61.99,-49.67,39.65,3.69
Sylacauga,75,US,1565066387,100,33.17,-86.25,75.99,0.98
Ecoporanga,90,BR,1565066387,92,-18.37,-40.83,60.71,8.5
Calvinia,22,ZA,1565066388,88,-31.47,19.78,41.99,3.6
Brumunddal,78,NO,1565066388,94,60.89,10.94,52.0,1.01
Takestan,0,IR,1565066388,60,36.07,49.69,75.2,2.24
Port Hardy,20,CA,1565066389,93,50.7,-127.42,57.2,6.93
Neyvo-Shaytanskiy,81,RU,1565066389,68,57.73,61.25,63.59,17.0
Bitkine,100,TD,1565066389,86,11.98,18.21,74.93,4.45
Lata,35,IN,1565066390,92,30.78,78.62,52.25,6.22
Vao,22,EE,1565066390,77,59.1,26.19,61.43,7.63
Bandarbeyla,41,SO,1565066390,38,9.49,50.81,90.23,34.49
Port Hedland,0,AU,1565066391,13,-20.31,118.58,86.0,8.05
Den Helder,75,NL,1565066391,88,52.96,4.76,66.2,9.17
Baykit,82,RU,1565066392,38,61.68,96.39,76.37,8.01
Vila,40,IT,1565066392,83,45.18,8.4,75.0,2.24
Kununurra,35,AU,1565066392,18,-15.77,128.74,89.6,6.93
Mokhotlong,0,LS,1565066278,29,-29.29,29.06,42.89,5.91
Banyo,100,CM,1565066393,95,6.75,11.81,63.59,0.36
Fort Nelson,75,CA,1565066393,77,58.81,-122.69,59.0,2.24
Macapa,40,BR,1565066393,100,0.05,-51.07,78.8,2.24
Ornskoldsvik,10,SE,1565066394,87,63.29,18.72,57.2,4.7
Xuddur,63,SO,1565066394,61,4.12,43.89,80.33,22.57
Yinchuan,17,CN,1565066394,16,38.48,106.21,102.0,4.0
Abha,5,SA,1565066395,68,18.22,42.5,68.0,4.7
Horizontina,0,BR,1565066395,95,-27.63,-54.31,49.73,4.14
Kiruna,21,SE,1565066396,93,67.86,20.23,37.4,2.24
Wukari,97,NG,1565066396,95,7.87,9.78,73.13,5.01
General Pico,0,AR,1565066396,52,-35.66,-63.75,50.99,11.77
Coquimbo,20,CL,1565066397,87,-29.95,-71.34,46.4,6.17
Bezhta,100,RU,1565066397,95,42.13,46.13,43.97,2.71
Charters Towers,87,AU,1565066397,40,-20.07,146.27,74.21,5.97
Shakhovskaya,93,RU,1565066398,86,56.03,35.51,52.61,9.78
Ekhabi,0,RU,1565066398,67,53.51,142.97,57.83,13.91
Hualmay,22,PE,1565066399,87,-11.1,-77.61,59.81,10.33
Solnechnyy,18,RU,1565066399,39,50.72,136.64,73.67,7.58
Ust-Nera,23,RU,1565066399,38,64.57,143.24,56.39,12.21
Kokopo,100,PG,1565066400,97,-4.34,152.27,72.59,2.95
Mombetsu,75,JP,1565066400,78,44.35,143.35,78.8,9.17
Bharatpur,69,IN,1565066401,44,27.22,77.5,99.05,3.29
Mukhtolovo,100,RU,1565066401,95,55.47,43.2,47.21,9.69
Pierre,1,US,1565066402,77,44.37,-100.35,68.0,5.23
Martapura,40,ID,1565066323,52,-3.41,114.85,87.8,4.7
Osinovo,100,RU,1565066402,97,62.87,42.79,47.21,6.4
Siavonga,0,ZW,1565066402,54,-16.54,28.71,71.69,11.23
Yurga,0,RU,1565066403,40,55.71,84.93,78.89,6.42
Thohoyandou,0,ZA,1565066403,33,-22.97,30.46,71.87,1.79
Mnogovershinnyy,0,RU,1565066404,46,53.94,139.92,65.39,17.92
Lebedyn,1,UA,1565066404,66,50.58,34.48,60.17,6.71
Fukue,75,JP,1565066404,66,35.03,136.69,98.01,14.99
Moose Factory,90,CA,1565066405,100,51.26,-80.61,60.8,2.24
Marienburg,0,DE,1565066406,77,52.12,9.98,66.2,2.24
Bridgton,1,US,1565066406,87,44.05,-70.71,64.4,4.7
Gizo,20,IL,1565066406,78,31.8,34.94,79.0,5.82
Malinovoye Ozero,0,RU,1565066407,29,51.68,79.77,85.19,7.09
Grand Gaube,40,MU,1565066407,88,-20.01,57.66,73.0,6.93
Saldanha,49,PT,1565066407,88,41.42,-6.55,61.61,2.3
Novoselytsya,13,UA,1565066408,87,48.22,26.27,59.0,6.93
Naranjal,0,PY,1565066409,87,-25.97,-55.19,55.4,4.7
Meulaboh,94,ID,1565066287,72,4.14,96.13,83.57,10.51
Bathsheba,20,BB,1565066409,83,13.22,-59.52,80.6,10.29
Foz,97,ES,1565066409,1,43.57,-7.26,68.0,3.6
Sanger,20,US,1565066312,31,36.71,-119.56,89.6,6.93
Manturovo,100,RU,1565066410,91,58.33,44.76,47.75,10.11
Mahibadhoo,99,MV,1565066411,78,3.78,72.97,83.57,11.72
Biga,20,TR,1565066411,68,40.23,27.24,75.0,11.41
Loveland,1,US,1565066255,56,40.4,-105.08,73.4,4.68
Tonekabon,90,IR,1565066412,88,36.82,50.88,75.2,4.7
Sinop,0,TR,1565066412,87,42.03,35.15,59.0,4.7
Tevaitoa,0,PF,1565066412,78,-16.78,-151.5,78.17,11.32
Porto Belo,75,BR,1565066413,88,-27.15,-48.54,62.6,5.82
Pinega,8,RU,1565066413,62,64.7,43.39,54.23,7.09
George,0,MW,1565066413,63,-15.35,34.83,64.4,4.7
Harper,1,US,1565066414,54,30.3,-99.24,84.2,6.93
Krapivinskiy,0,RU,1565066414,64,55.0,86.81,73.4,8.95
Saint Albans,1,US,1565066415,82,44.81,-73.08,71.6,6.33
Xiuyan,91,CN,1565066415,69,40.29,123.27,84.11,5.19
Palmdale,1,US,1565066415,18,34.58,-118.12,87.8,11.41
Marabba,81,SD,1565066416,75,12.35,32.18,77.09,9.46
Ajdabiya,0,LY,1565066416,77,30.75,20.22,77.09,14.67
Sao Joao da Barra,100,BR,1565066416,87,-21.64,-41.05,62.33,2.82
Sai Buri,20,TH,1565066417,70,6.7,101.62,87.8,4.7
Mecca,76,SA,1565066417,42,21.43,39.83,94.37,10.2
Vanderhoof,65,CA,1565066417,67,54.02,-124.02,63.95,4.21
Havoysund,75,NO,1565066418,81,71.0,24.66,46.4,12.75
Tautira,40,PF,1565066418,74,-17.73,-149.15,80.6,9.17
Qasigiannguit,0,GL,1565066419,93,68.82,-51.19,37.4,1.81
Le Pradet,0,FR,1565066419,87,46.44,1.83,59.0,3.36
Mana,54,NG,1565066420,88,13.03,5.27,75.47,9.13
Tamandare,37,BR,1565066420,54,-8.28,-70.75,58.37,1.81
Bosaso,40,SO,1565066420,25,11.28,49.18,98.6,18.34
Samarai,100,PG,1565066421,93,-10.62,150.67,73.49,6.29
Berdigestyakh,47,RU,1565066421,44,62.1,126.7,74.03,13.44
Tessalit,3,ML,1565066145,31,20.2,1.01,90.41,4.09
Mathbaria,90,BD,1565066422,65,22.29,89.96,91.31,19.37
Mopipi,0,BW,1565066422,53,-21.2,24.86,62.69,4.18
Nzerekore,100,GN,1565066423,99,7.76,-8.82,69.17,3.11
Lavrentiya,43,RU,1565066423,63,65.58,-170.99,51.53,4.03
Teluknaga,20,ID,1565066423,38,-6.1,106.64,95.0,5.82
Conner,100,PH,1565066424,90,17.8,121.32,77.81,1.57
Talcahuano,90,CL,1565066424,93,-36.72,-73.12,51.8,3.36
Cururupu,76,BR,1565066424,97,-1.82,-44.87,72.41,2.64
Argayash,40,RU,1565066425,68,55.49,60.88,68.0,15.66
Saint Anthony,1,US,1565066425,40,43.97,-111.68,78.8,5.82
Benjamin Constant,0,BR,1565066425,100,-4.38,-70.03,62.6,1.63
West Wendover,1,US,1565066426,21,40.74,-114.07,82.4,6.93
San Vicente de Canete,19,PE,1565066232,92,-13.08,-76.38,57.29,5.93
Kursenai,0,LT,1565066426,87,55.98,22.92,50.0,3.36
Machilipatnam,90,IN,1565066427,88,16.18,81.14,78.8,5.82
Koumac,26,NC,1565066427,75,-20.56,164.28,70.61,11.1
Borovskoy,100,KZ,1565066428,46,53.8,64.15,75.83,15.01
Bazpur,78,IN,1565066428,55,29.15,79.12,94.37,5.55
Filadelfia,0,PY,1565066429,51,-22.35,-60.04,53.51,6.04
Kitab,0,UZ,1565066429,30,39.12,66.88,86.0,4.7
Yulara,0,AU,1565066429,15,-25.24,130.99,77.0,8.05
Jalalabad,20,AF,1565066429,46,34.43,70.46,93.2,2.95
Chara,0,GR,1565066430,64,39.42,22.43,75.0,6.93
Rocha,0,UY,1565066430,93,-34.48,-54.34,46.85,11.3
Praia da Vitoria,40,PT,1565066431,94,38.73,-27.07,71.6,11.01
Monterey,90,US,1565066432,82,36.6,-121.89,64.0,8.05
Oranjemund,0,ZA,1565066433,84,-28.55,16.43,55.31,13.85
Puerto Leguizamo,82,CO,1565066433,85,-0.19,-74.78,64.31,0.89
Krasnoturansk,40,RU,1565066434,83,54.32,91.57,69.8,8.95
Isla Aguada,100,MX,1565066434,78,18.78,-91.49,84.83,14.05
Casper,1,US,1565066435,46,42.87,-106.31,69.8,16.11
Najran,0,SA,1565066435,31,17.54,44.22,87.8,11.41
Champerico,40,MX,1565066436,94,16.38,-93.6,75.2,2.44
Santa Cruz,79,BR,1565066140,86,-6.22,-36.02,68.09,8.59
Myitkyina,100,MM,1565066436,54,25.38,97.4,91.13,1.95
Zaysan,0,KZ,1565066437,20,47.47,84.87,83.75,12.59
Maceio,75,BR,1565066437,78,-9.67,-35.74,75.2,13.87
San Policarpo,100,PH,1565066438,67,12.18,125.51,86.63,13.73
Dibrugarh,75,IN,1565066438,67,27.48,94.9,93.2,11.41
Whitianga,40,NZ,1565066438,73,-36.83,175.7,55.99,5.99
Pozo Colorado,0,PY,1565066439,67,-23.49,-58.8,52.43,4.63
Lethem,100,GY,1565066439,89,3.38,-59.8,72.77,4.68
Iqaluit,75,CA,1565066439,75,63.75,-68.52,44.6,2.24
Palmer,0,AU,1565066440,36,-34.85,139.16,66.0,19.46
College,90,US,1565066440,93,64.86,-147.8,60.8,4.7
Vrangel,36,RU,1565066441,58,42.73,133.08,85.19,7.11
Zhigansk,26,RU,1565066441,42,66.77,123.37,66.65,11.5
Krasnyy Yar,19,RU,1565066442,60,50.7,44.73,58.37,16.93
Tieli,100,CN,1565066442,89,46.98,128.05,75.47,3.13
Custoias,62,PT,1565066442,83,41.11,-7.32,68.0,2.64
Lumeje,99,AO,1565066443,42,-11.56,20.78,70.25,3.4
Coos Bay,90,US,1565066209,87,43.37,-124.22,63.0,4.7
Port Augusta,0,AU,1565066219,20,-32.49,137.76,73.4,19.46
Smithers,40,CA,1565066374,50,54.78,-127.17,75.2,6.93
La Asuncion,0,AR,1565066444,28,-26.05,-65.39,51.53,7.9
Shelburne,1,CA,1565066444,88,44.08,-80.2,70.0,2.24
Marystown,1,CA,1565066445,89,47.17,-55.16,55.85,7.02
Huai Yot,20,TH,1565066445,55,7.79,99.63,89.6,9.17
Dawei,100,MM,1565066446,80,14.07,98.19,81.95,18.19
Suhbaatar,35,MN,1565066446,38,50.23,106.21,74.75,10.56
Hun,0,BE,1565066446,93,50.34,4.87,61.0,5.82
Klenovyy,0,UA,1565066447,58,48.12,39.46,66.11,8.28
Hasaki,40,JP,1565066447,70,35.73,140.83,99.0,11.41
San Jeronimo,0,PE,1565066447,88,-13.65,-73.37,39.65,3.04
Sumbawanga,5,TZ,1565066448,58,-7.95,31.62,55.4,6.93
Innisfail,100,AU,1565066149,75,-17.52,146.03,66.99,7.0
Touros,73,BR,1565066449,75,-5.2,-35.46,78.89,24.87
Dongsheng,37,CN,1565066449,52,29.72,112.52,95.09,2.08
Pinehurst,75,US,1565066449,100,35.19,-79.47,75.0,2.13
Mamallapuram,40,IN,1565066201,62,12.63,80.17,89.6,14.99
Rio Gallegos,0,AR,1565066281,44,-51.62,-69.22,39.2,19.46
Verkhnetulomskiy,90,RU,1565066450,93,68.61,31.8,44.6,4.47
Eyrarbakki,20,IS,1565066451,81,63.86,-21.15,51.8,8.05
Boca do Acre,0,BR,1565066451,47,-8.76,-67.39,60.17,2.44
Umm Lajj,0,SA,1565066451,72,25.02,37.27,85.91,5.14
Nosy Varika,37,MG,1565066452,69,-20.58,48.53,71.15,4.5
Fort-Shevchenko,99,KZ,1565066452,51,44.51,50.26,73.13,10.18
Mayumba,49,GA,1565066452,92,-3.44,10.65,69.71,6.13
Solntsevo,100,RU,1565066453,88,53.34,40.13,52.25,12.75
Mutoko,0,ZW,1565066453,42,-17.4,32.23,67.73,2.73
Gat,20,SN,1565066453,78,14.69,-16.54,75.2,9.17
Vilyuysk,0,RU,1565066368,37,63.75,121.63,74.93,8.25
Puerto Madryn,83,AR,1565066454,47,-42.77,-65.04,53.15,20.27
Howard Springs,0,AU,1565066454,29,-12.5,131.05,91.0,9.17
Guanare,96,VE,1565066455,97,9.04,-69.74,67.55,1.63
Salinopolis,99,BR,1565066455,76,-0.61,-47.36,81.77,17.31
Poindimie,21,NC,1565066455,66,-20.93,165.33,66.65,8.32
Igra,100,RU,1565066456,95,57.55,53.1,48.99,5.01
Oro Valley,1,US,1565066456,61,32.39,-110.97,79.0,13.87
Nova Olinda do Norte,99,BR,1565066456,87,-3.89,-59.1,68.63,2.3
Veraval,90,FR,1565066457,77,49.65,0.71,64.0,9.17
Wenling,46,CN,1565066457,53,28.38,121.38,98.01,5.46
Ayan,0,IR,1565066458,58,38.23,44.7,61.43,7.74
Olawa,18,PL,1565066458,100,50.95,17.29,68.0,2.24
Springbok,0,ZA,1565066458,79,-29.67,17.88,45.41,2.75
Sao Paulo de Olivenca,11,BR,1565066459,73,-3.38,-68.87,63.95,1.79
Roald,0,NO,1565066459,93,62.58,6.12,57.2,12.75
Sfantu Gheorghe,0,RO,1565066459,88,44.65,26.83,66.99,3.36
Jacareacanga,56,BR,1565066460,58,-6.22,-57.76,74.75,0.63
Iquique,90,CL,1565066460,72,-20.22,-70.14,59.0,5.82
Half Moon Bay,90,US,1565066460,93,37.46,-122.43,66.99,5.28
Matehuala,98,MX,1565066461,82,23.65,-100.64,63.23,10.33
Careiro da Varzea,0,BR,1565066461,65,-3.2,-59.81,80.6,5.82
Iskateley,73,RU,1565066462,71,67.68,53.15,54.77,8.99
Zaqatala,90,AZ,1565066462,82,41.63,46.65,68.0,2.24
Vila Franca do Campo,75,PT,1565066462,94,37.72,-25.43,73.4,14.99
Shache,41,CN,1565066463,18,38.42,77.24,93.11,2.57
Sao Felix do Xingu,80,BR,1565066463,71,-6.64,-51.99,75.11,1.86
Harindanga,75,IN,1565066463,94,22.04,88.32,78.8,4.7
Srednekolymsk,91,RU,1565066464,53,67.46,153.71,62.51,1.83
Mega,0,ET,1565066464,45,4.06,38.32,73.85,21.43
Bilma,7,NE,1565066465,47,18.69,12.92,87.35,11.25
Kondinskoye,99,RU,1565066465,59,59.65,67.41,69.53,20.42
Mercedes,0,UY,1565066465,79,-33.25,-58.03,50.0,4.0
Hendek,0,TR,1565066466,82,40.8,30.75,61.0,3.36
Lalibela,100,ET,1565066466,87,12.04,39.05,56.39,3.76
Todos Santos,5,MX,1565066466,58,23.45,-110.23,86.0,4.7
Caravelas,76,BR,1565066384,87,-17.73,-39.27,71.33,8.79
Tucurui,10,BR,1565066467,92,-3.77,-49.67,71.87,2.42
Kazachinskoye,79,RU,1565066468,51,57.69,93.28,81.59,4.79
Broome,78,GB,1565066468,82,52.47,1.45,61.0,6.93
Ayr,92,AU,1565066287,53,-19.58,147.4,73.67,5.93
Gibara,0,CU,1565066469,88,21.11,-76.13,80.6,8.05
Sola,0,TZ,1565066469,49,-3.17,33.8,75.11,3.02
Saint John,40,CA,1565066469,100,45.28,-66.06,57.2,3.74
Brooks,7,CA,1565066470,50,50.57,-111.89,69.01,8.34
Luganville,75,VU,1565066470,83,-15.51,167.18,78.8,9.17
Darhan,100,MN,1565066470,73,49.49,105.92,65.39,7.4
Abengourou,100,CI,1565066471,95,6.73,-3.5,70.25,3.31
Biak,78,ID,1565066471,82,-0.91,122.88,67.73,6.2
Ukiah,39,US,1565066244,48,39.15,-123.21,68.0,1.99
Tabou,100,CI,1565066472,91,4.42,-7.36,72.95,6.22
Salta,0,AR,1565066354,70,-24.79,-65.41,46.4,3.36
Ambulu,0,ID,1565066472,84,-8.35,113.61,73.13,16.71
Klamath Falls,1,US,1565066473,36,42.22,-121.78,75.2,4.7
Villa Rica,20,CO,1565066473,83,3.18,-76.46,71.6,11.41
Awbari,0,LY,1565066474,21,26.59,12.77,88.43,9.57
Copiapo,0,CL,1565066474,87,-27.37,-70.33,46.4,4.7
Gulbarga,100,IN,1565066475,72,17.33,76.83,81.05,24.29
Luangwa,15,MZ,1565066475,47,-15.62,30.4,72.95,3.24
Chulman,0,RU,1565066475,39,56.84,124.9,69.35,5.77
Kota Belud,75,MY,1565066476,83,6.35,116.43,87.01,16.11
Tooele,1,US,1565066476,30,40.53,-112.3,82.4,11.41
Kato Soulion,0,GR,1565066476,50,38.17,24.0,81.0,5.82
Rumphi,43,MW,1565066477,40,-11.02,33.86,69.17,4.74
Sibu,75,MY,1565066477,62,2.29,111.83,89.6,4.7
Carauari,2,BR,1565066478,62,-4.88,-66.9,65.75,1.7
Sicamous,1,CA,1565066478,82,50.84,-118.99,66.2,3.36
Romans-sur-Isere,0,FR,1565066478,77,45.05,5.06,69.01,4.7
Ca Mau,50,VN,1565066313,65,9.18,105.15,86.99,11.25
Dhidhdhoo,89,MV,1565066479,80,6.88,73.1,83.57,16.75
Garca,0,BR,1565066479,87,-22.21,-49.66,60.8,10.29
Parabel,50,RU,1565066480,48,58.71,81.5,75.65,3.15
Boguszow-Gorce,34,PL,1565066480,100,50.76,16.2,68.0,2.24
Kiunga,99,PG,1565066480,83,-6.12,141.3,78.71,2.08
Ketchikan,1,US,1565066481,77,55.34,-131.65,64.4,10.29
Swellendam,86,ZA,1565066481,67,-34.02,20.44,60.8,9.17
Areka,100,ET,1565066481,86,7.07,37.71,67.19,2.77
Madang,32,CN,1565066482,62,35.32,102.79,56.39,3.24
Cabadiangan,90,PH,1565066482,66,10.45,123.98,87.8,17.22
Zheleznodorozhnyy,90,RU,1565066483,87,55.75,38.0,50.0,8.95
Novorzhev,4,RU,1565066483,70,57.03,29.33,57.11,7.0
Saint-Augustin,40,CA,1565066483,87,45.63,-73.98,71.6,2.24
Cali,20,CO,1565066222,83,3.43,-76.51,71.6,11.41
Bulgan,98,MN,1565066484,76,48.81,103.53,62.33,3.2
Lorengau,82,PG,1565066484,74,-2.02,147.27,82.85,6.55
Baloda,100,IN,1565066485,57,22.15,82.48,90.95,5.82
Santa Luzia,40,BR,1565066485,72,-19.77,-43.85,60.8,4.7
Jeremie,1,HT,1565066485,79,18.65,-74.12,80.51,3.87
Shingu,75,JP,1565066486,74,33.72,135.99,86.0,13.87
Teeli,100,RU,1565066486,89,51.01,90.2,54.59,3.83
Orotukan,100,RU,1565066486,96,62.26,151.67,52.25,3.09
Liuhe,75,CN,1565066487,62,42.28,125.73,86.63,5.26
Pala,100,TD,1565066487,88,9.37,14.91,74.21,5.66
Iranshahr,0,IR,1565066488,30,27.21,60.69,95.0,4.7
Presidente Franco,0,PY,1565066488,82,-25.57,-54.62,59.0,16.11
Catanzaro,40,IT,1565066488,94,38.91,16.6,72.0,1.12
Salaga,100,GH,1565066489,89,8.55,-0.52,73.13,5.46
Muros,75,ES,1565066489,100,42.77,-9.06,68.0,3.36
Ust-Kalmanka,0,RU,1565066490,43,52.12,83.31,81.05,7.05
Nikolayevka,0,RU,1565066490,63,46.73,38.57,68.45,10.54
Cabra,0,ES,1565066491,56,37.47,-4.43,72.0,2.24
Ramon,87,PH,1565066491,72,16.78,121.54,86.81,4.16
Marion,1,US,1565066477,100,35.21,-90.2,77.0,1.81
Pringsewu,100,ID,1565066492,56,-5.36,104.98,79.25,6.73
Mococa,12,BR,1565066492,80,-21.46,-47.0,57.83,10.56
Pisco,17,PE,1565066493,88,-13.71,-76.2,59.0,1.99
Laibin,36,CN,1565066493,59,23.74,109.23,90.77,1.86
Tyrma,99,RU,1565066493,68,50.04,132.17,68.63,3.42
San Cristobal,97,HN,1565066494,93,14.68,-86.92,66.47,4.18
Kumluca,0,TR,1565066494,51,36.37,30.29,70.61,3.62
Athabasca,94,CA,1565066495,97,54.72,-113.29,50.63,5.3
Makakilo City,90,US,1565066329,88,21.35,-158.09,81.0,6.93
Belyy Yar,40,RU,1565066495,83,53.6,91.39,69.8,8.95
Kerrville,1,US,1565066316,54,30.05,-99.14,84.2,6.93
Camocim,58,BR,1565066496,72,-2.9,-40.84,75.83,10.63
Galveston,40,US,1565066496,83,40.58,-86.19,75.0,3.36
Mitu,0,IR,1565066496,42,36.2,46.09,76.91,8.79
Marsa Matruh,0,EG,1565066497,63,31.35,27.25,80.51,15.82
Fairlie,1,US,1565066497,83,33.31,-95.96,86.0,3.36
Pathein,100,MM,1565066497,86,16.78,94.73,80.33,17.6
Takab,0,IR,1565066498,42,36.4,47.11,73.13,4.99
Loyga,97,RU,1565066498,91,61.08,44.61,47.75,5.57
Mizdah,0,LY,1565066499,55,31.45,12.98,73.67,8.57
Kamaishi,40,JP,1565066499,56,39.28,141.86,93.2,3.36
Muroto,75,JP,1565066499,88,33.37,134.14,80.6,23.04
Laramie,1,US,1565066459,76,41.31,-105.59,64.4,10.29
Kibuye,0,RW,1565066500,59,-2.07,29.35,67.73,0.31
Rio Grande,0,BR,1565066500,96,-32.03,-52.1,43.0,4.45
Sur,32,OM,1565066500,36,22.57,59.53,97.97,2.28
Honiara,40,SB,1565066501,70,-9.43,159.96,87.8,11.41
Palmital,63,BR,1565066501,95,-22.79,-50.22,55.85,5.32
Mangalore,75,IN,1565066502,88,12.87,74.84,77.0,5.82
Urucui,0,BR,1565066502,61,-7.23,-44.56,70.25,7.49
Mocuba,0,MZ,1565066503,66,-16.84,36.99,71.51,5.84
Panguna,43,PG,1565066503,90,-6.32,155.48,77.63,12.26
Banda Aceh,97,ID,1565066503,73,5.56,95.32,84.29,25.32
Parrita,20,CR,1565066504,83,9.52,-84.33,73.0,5.82
Alekseyevsk,0,RU,1565066504,22,57.84,108.35,84.47,4.12
Kerema,73,PG,1565066505,85,-7.96,145.78,78.17,18.61
Mehamn,90,NO,1565066505,93,71.03,27.85,46.4,13.87
Suluq,0,LY,1565066505,71,31.67,20.25,78.53,14.58
Ishigaki,75,JP,1565066506,75,24.34,124.16,89.6,20.8
Bukal,75,PH,1565066506,88,14.1,121.44,87.01,12.75
Port Moresby,75,PG,1565066506,78,-9.47,147.16,82.4,11.41
Aracuai,99,BR,1565066507,81,-16.85,-42.07,62.33,5.91
Ulladulla,0,AU,1565066507,16,-35.36,150.48,68.0,13.87
Lota,20,AU,1565066507,52,-27.47,153.19,75.2,10.29
Sembakung,40,ID,1565066508,70,3.82,117.25,86.0,6.93
Kushima,75,JP,1565066509,79,31.5,131.29,86.0,21.92
Mayskiy,75,RU,1565066509,63,43.63,44.06,64.4,6.31
Kakinada,90,IN,1565066509,88,16.93,82.22,78.8,23.04
Oranjestad,20,AW,1565066417,83,12.52,-70.03,82.4,20.8
Kenora,20,CA,1565066510,52,49.76,-94.48,69.8,3.36
Tezpur,100,IN,1565066510,79,26.62,92.79,87.71,12.15
San Juan,0,AR,1565066511,8,-31.54,-68.53,52.25,12.01
Tofield,75,CA,1565066511,88,53.37,-112.67,63.0,8.05
Curuguaty,0,PY,1565066511,95,-24.47,-55.69,54.05,5.53
Yerbogachen,3,RU,1565066512,29,61.28,108.01,77.45,5.08
Coxim,5,BR,1565066512,74,-18.5,-54.75,65.39,7.27
Sioux Lookout,5,CA,1565066512,87,50.1,-91.92,62.6,5.55
Rio Casca,96,BR,1565066513,97,-20.23,-42.65,53.51,3.69
Cuamba,47,MZ,1565066513,39,-14.8,36.54,73.13,2.19
Priladozhskiy,0,RU,1565066514,87,59.85,31.48,52.0,4.23
Shizunai,100,JP,1565066514,78,42.33,142.37,75.29,5.28
Luis Correia,6,BR,1565066514,74,-2.88,-41.67,74.93,8.3
Kaseda,75,JP,1565066515,88,31.42,130.32,80.6,12.75
Wrexham,0,GB,1565066515,82,53.05,-2.99,60.01,8.05
Khartoum,75,SD,1565066515,88,15.59,32.54,75.2,13.87
Marsaxlokk,0,MT,1565066516,88,35.84,14.54,75.99,3.36
Tiarei,40,PF,1565066516,74,-17.53,-149.33,80.6,9.17
Gazanjyk,25,TM,1565066516,49,39.24,55.52,90.05,19.39
Isla Vista,1,US,1565066517,82,34.41,-119.86,71.01,4.7
Iclanzel,11,RO,1565066517,93,46.53,24.28,59.0,4.7
Batagay,76,RU,1565066518,57,67.65,134.64,63.41,11.07
Antofagasta,90,CL,1565066518,82,-23.65,-70.4,55.4,4.7
Lazarev,23,RU,1565066519,66,52.23,141.51,62.15,6.93
Iberia,0,PE,1565066519,44,-11.41,-69.49,53.33,1.39
Baracoa,64,CU,1565066520,83,20.35,-74.5,82.85,17.78
Glendive,1,US,1565066520,82,47.11,-104.71,70.0,3.58
Begoro,100,GH,1565066520,96,6.38,-0.38,69.53,4.61
Sarkand,0,KZ,1565066521,17,45.41,79.91,93.65,9.04
Rameswaram,97,IN,1565066521,57,9.28,79.3,88.07,21.7
Kishi,100,NG,1565066521,97,9.08,3.85,69.71,6.64
Umea,91,SE,1565066522,87,63.83,20.26,53.6,2.24
Beroroha,63,MG,1565066522,32,-21.68,45.17,77.99,7.78
Aklavik,40,CA,1565066523,66,68.22,-135.01,48.2,3.36
Gilgit,0,PK,1565066523,25,35.92,74.31,66.47,4.92
Bereznik,100,RU,1565066523,97,62.86,42.71,47.21,6.4
Egvekinot,100,RU,1565066524,85,66.32,-179.17,48.29,7.63
Puerto Escondido,40,MX,1565066524,69,15.86,-97.07,80.6,4.09
Anadyr,75,RU,1565066525,67,64.73,177.51,59.0,11.18
Kasane,0,BW,1565066525,71,-17.8,25.16,53.6,2.24
Arak,0,IR,1565066526,37,34.1,49.69,71.6,9.6
Butembo,0,CD,1565066526,86,0.12,29.29,67.01,1.54
Almaznyy,20,RU,1565066526,77,48.03,40.04,60.8,4.47
Northam,75,AU,1565066527,72,-31.65,116.67,59.0,6.93
Broken Hill,0,AU,1565066527,19,-31.97,141.45,66.2,14.99
Matinha,75,BR,1565066527,99,-3.1,-45.04,72.23,1.86
Brae,74,GB,1565066528,93,60.4,-1.35,59.0,12.75
Esperanza,0,AR,1565066528,66,-31.45,-60.93,55.99,13.0
Tanete,11,ID,1565066528,72,-3.94,119.78,81.23,12.46
Gallup,1,US,1565066529,35,35.53,-108.74,71.6,3.76
Andijan,0,UZ,1565066529,37,40.76,72.37,91.4,2.24
Mikhaylovka,0,RU,1565066529,47,52.96,103.29,76.91,17.58
Soyo,83,AO,1565066530,88,-6.13,12.37,70.79,10.49
Okha,0,RU,1565066530,67,53.59,142.95,57.83,13.91
Saint-Francois,0,FR,1565066530,77,46.42,3.91,66.2,2.24
Bulembu,0,SZ,1565066531,33,-25.95,31.13,66.2,4.7
Pandoh,34,IN,1565066531,85,31.67,77.06,67.19,4.83
Weligama,100,LK,1565066531,79,5.97,80.42,82.49,16.98
Dehloran,0,IR,1565066532,12,32.69,47.27,95.99,1.77
Rabo de Peixe,75,PT,1565066532,94,37.8,-25.58,73.4,14.99
Matamoros,1,US,1565066533,89,25.87,-97.51,84.99,8.05
Hopewell,1,US,1565066338,100,37.3,-77.29,73.4,3.02
Puerto Carreno,96,CO,1565066533,89,6.19,-67.49,70.79,6.02
Maniitsoq,3,GL,1565066534,91,65.42,-52.9,43.25,8.48
Tromso,40,NO,1565066534,87,69.65,18.96,46.99,11.41
Kieta,86,PG,1565066534,84,-6.22,155.63,78.53,2.8
Shuyskoye,100,RU,1565066535,90,59.37,41.03,49.01,9.35
Sesheke,0,NA,1565066535,63,-17.47,24.29,60.8,6.29
Xinmin,20,CN,1565066536,74,42.0,122.83,84.2,4.47
High Prairie,95,CA,1565066329,92,55.43,-116.48,52.43,3.67
Cazones,100,MX,1565066536,93,20.72,-97.32,76.91,1.63
Kargasok,86,RU,1565066537,42,59.06,80.87,78.17,3.85
Bollnas,26,SE,1565066537,98,61.35,16.39,53.01,1.97
Bauta,20,CU,1565066538,94,22.98,-82.55,78.8,3.36
Townsend,40,US,1565066538,49,46.32,-111.52,80.6,16.11
Yamada,75,JP,1565066538,59,36.58,137.08,96.01,10.29
Morros,0,BR,1565066539,88,-2.87,-44.04,78.8,6.93
Avera,1,US,1565066539,100,33.19,-82.53,75.0,3.36
Yining,0,CN,1565066539,39,29.04,114.56,98.51,2.66
Emba,40,CY,1565066540,73,34.81,32.42,77.0,5.82
Wuhan,40,CN,1565066540,59,30.6,114.3,95.0,4.47
Nemuro,40,JP,1565066540,69,43.32,145.57,82.4,5.82
Xinqing,100,CN,1565066541,76,48.28,129.53,64.85,4.74
Riyadh,0,SA,1565066350,22,24.63,46.72,87.8,2.24
Cartaya,0,ES,1565066541,95,37.28,-7.16,60.71,10.31
Palamos,0,ES,1565066542,77,41.85,3.13,72.0,2.15
Chumphon,75,TH,1565066542,74,10.5,99.18,87.8,10.29
Narrabri,0,AU,1565066542,12,-30.33,149.78,71.6,10.29
Kushiro,75,JP,1565066543,83,43.11,144.15,77.0,10.29
Fort Saint James,55,CA,1565066543,81,54.43,-124.25,60.53,3.58
Tineo,0,ES,1565066543,93,43.34,-6.41,66.0,4.7
Bourail,68,NC,1565066544,69,-21.57,165.5,67.19,4.63
Saint-Denis,75,FR,1565066544,77,48.94,2.36,68.0,4.7
Kalmunai,100,LK,1565066544,32,7.42,81.82,96.53,10.07
Tekirdag,0,TR,1565066502,73,40.98,27.51,70.0,9.17
Mubi,100,NG,1565066545,93,10.27,13.26,71.51,5.5
Aripuana,0,BR,1565066545,55,-9.17,-60.63,68.09,1.74
Canchungo,40,GW,1565066546,88,12.07,-16.03,78.8,3.36
Oudtshoorn,0,ZA,1565066546,58,-33.59,22.2,57.2,8.05
Carcassonne,0,FR,1565066547,82,43.21,2.35,73.4,2.24
Henties Bay,0,NA,1565066547,94,-22.12,14.28,51.01,1.03
Popondetta,78,PG,1565066548,94,-8.77,148.24,70.79,4.0
Raudeberg,0,NO,1565066548,93,61.99,5.14,59.0,4.7
Iquitos,0,PE,1565066549,72,-3.75,-73.25,62.69,1.63
Honningsvag,75,NO,1565066549,87,70.98,25.97,46.4,17.22
Gasa,14,BT,1565066549,51,27.91,89.73,54.23,9.51
Keuruu,0,FI,1565066550,75,62.26,24.71,46.4,4.7
Aketi,100,CD,1565066550,77,2.74,23.78,73.49,2.24
Zelenets,100,RU,1565066550,84,53.83,48.02,50.99,13.42
Otjiwarongo,0,NA,1565066551,22,-20.46,16.65,53.6,2.24
Hay River,75,CA,1565066551,62,60.82,-115.79,53.6,13.87
Sibolga,99,ID,1565066259,77,1.74,98.78,81.95,8.68
Marinette,75,US,1565066552,100,45.1,-87.63,66.2,3.36
Nha Trang,75,VN,1565066552,49,12.24,109.19,93.2,5.82
Farso,70,DK,1565066552,93,56.77,9.34,63.0,5.82
Devonport,100,AU,1565066553,76,-41.18,146.36,53.01,4.0
Marzuq,72,YE,1565066553,26,14.4,46.47,88.43,16.67
Baramati,100,IN,1565066554,75,18.15,74.57,78.35,14.72
Ovsyanka,68,RU,1565066554,30,53.58,126.91,74.93,5.64
Mahenge,0,TZ,1565066554,51,-8.68,36.72,76.55,1.57
Dubti,100,ET,1565066555,54,11.74,41.09,83.03,11.45
Marawi,100,PH,1565066555,65,8.0,124.29,88.0,8.99
Nicoya,0,CR,1565066348,78,10.15,-85.45,78.8,5.82
Shitanjing,0,CN,1565066556,16,39.23,106.34,100.99,1.99
Nefteyugansk,0,RU,1565066556,60,61.09,72.61,69.8,8.95
Sorland,40,NO,1565066557,93,67.67,12.69,48.2,6.93
Prince Albert,90,CA,1565066557,93,53.2,-105.75,62.6,5.82
Santa Catalina,0,UY,1565066558,79,-33.79,-57.49,50.0,4.0
Hornepayne,48,CA,1565066558,96,49.22,-84.78,58.37,5.01
Gauribidanur,75,IN,1565066559,94,13.61,77.52,81.0,17.22
Arroio Grande,0,BR,1565066559,68,-32.24,-53.09,48.0,3.0
Brownsville,1,US,1565066427,89,25.91,-97.49,84.99,8.05
Blagoveshchensk,20,RU,1565066560,56,50.29,127.53,73.4,11.18
Holoby,34,UA,1565066560,90,51.09,25.02,55.99,4.41
Shu,36,KZ,1565066560,12,43.6,73.76,100.13,12.37
Boa Esperanca,7,BR,1565066561,71,-1.91,-60.0,68.45,2.17
Shimonoseki,75,JP,1565066561,88,33.97,130.94,80.6,21.92
Mankono,86,CI,1565066561,97,8.06,-6.19,69.89,7.49
Aquiraz,40,BR,1565066562,69,-3.9,-38.39,78.8,16.11
Poperinge,0,BE,1565066562,93,50.86,2.73,61.0,5.82
Dondo,40,MZ,1565066563,94,-19.62,34.74,69.8,2.24
Turukhansk,39,RU,1565066563,57,65.8,87.96,70.25,12.33
Meadville,1,US,1565066564,88,41.64,-80.15,73.0,3.36
Pasighat,95,IN,1565066564,79,28.06,95.33,79.07,3.0
Marsabit,0,KE,1565066564,36,2.34,37.99,83.39,18.84
Liloan,75,PH,1565066565,59,9.42,123.31,89.6,13.87
Rochegda,99,RU,1565066565,93,62.67,43.41,48.65,5.97
Navalagunda,90,IN,1565066565,94,15.56,75.35,71.6,17.22
Listvyanskiy,0,RU,1565066566,45,54.44,83.49,79.25,4.56
Jumla,86,NP,1565066566,73,29.28,82.18,67.37,5.39
Punta Cardon,0,VE,1565066566,77,11.61,-70.22,81.23,14.9
Chake Chake,51,TZ,1565066567,83,-5.25,39.77,77.27,13.15
Bogorodskoye,0,RU,1565066567,36,52.37,140.44,69.71,10.58
Iwanai,62,JP,1565066568,71,42.97,140.51,77.63,5.12
Pocatello,1,US,1565066441,26,42.87,-112.44,78.8,3.36
Anju,8,KP,1565066568,56,39.62,125.66,92.39,4.99
Mauguio,20,FR,1565066569,94,43.62,4.01,73.99,3.36
Filingue,97,NE,1565066569,72,14.35,3.32,79.79,12.01
Nishihara,40,JP,1565066569,56,35.74,139.53,99.0,10.29
Port-Cartier,40,CA,1565066570,87,50.03,-66.88,57.2,5.82
Dongli,40,CN,1565066571,56,24.18,117.61,93.2,13.42
Goldap,98,PL,1565066571,79,54.31,22.3,62.51,6.44
Udalguri,53,IN,1565066572,74,26.75,92.1,78.89,5.03
Jizan,75,SA,1565066572,63,16.89,42.56,93.2,23.04
Yarada,90,IN,1565066573,94,17.65,83.27,78.8,9.17
Malangali,26,TZ,1565066573,34,-8.57,34.85,72.05,7.54
Kongolo,0,CD,1565066573,52,-5.39,27.0,78.71,5.26
Benguela,5,AO,1565066574,81,-12.58,13.4,67.91,4.85
Camacha,20,PT,1565066574,88,33.08,-16.33,73.4,2.24
Gold Coast,0,AU,1565066348,56,-28.0,153.41,75.0,12.75
Kapit,100,MY,1565066575,37,2.02,112.94,94.55,3.58
Gimli,40,CA,1565066575,61,50.63,-96.99,61.0,6.78
Inirida,86,CO,1565066576,89,3.87,-67.92,67.73,1.05
Hecun,31,CN,1565066576,70,29.94,119.31,85.91,4.12
Merauke,82,ID,1565066577,83,-8.49,140.4,77.45,23.58
Cacu,77,BR,1565066302,96,-18.56,-51.13,60.35,5.84
Piterka,1,RU,1565066577,54,50.68,47.44,60.35,18.88
Nabire,100,ID,1565066578,96,-3.36,135.5,70.43,5.59
Kattivakkam,40,IN,1565066578,62,13.22,80.32,89.6,14.99
Simpang,99,ID,1565066578,42,4.36,96.17,91.31,4.74
Shiyan,100,CN,1565066579,70,32.65,110.78,78.01,3.0
Algiers,1,US,1565066579,83,29.94,-90.04,82.4,4.34
Floro,0,NO,1565066580,93,61.6,5.03,59.0,4.7
San Rafael,0,AR,1565066531,22,-34.61,-68.33,50.27,2.24
Sheregesh,100,RU,1565066580,50,52.93,87.98,76.73,5.5
Xinzhou,86,CN,1565066580,47,38.41,112.73,82.13,5.23
Dorado,20,PR,1565066581,78,18.46,-66.27,82.99,12.75
Mumford,97,GH,1565066581,93,5.26,-0.76,71.87,3.31
Warri,100,NG,1565066332,87,5.52,5.75,76.01,9.91
Rio Cuarto,0,AR,1565066582,57,-33.13,-64.35,50.0,20.8
Marrakesh,40,MA,1565066582,64,31.63,-7.99,69.8,5.82
Kaili,39,ID,1565066582,71,-3.46,120.21,72.41,1.86
Sukumo,100,JP,1565066583,87,32.94,132.72,81.23,16.22
Akdepe,0,TM,1565066583,25,42.05,59.39,93.2,11.41
Havelock,40,US,1565066583,88,34.88,-76.9,75.2,2.89
Dhariwal,75,IN,1565066584,74,31.95,75.32,86.0,5.82
Te Anau,73,NZ,1565066584,94,-45.41,167.72,39.11,6.85
Tecpan,40,GT,1565066584,82,14.76,-90.99,68.0,9.17
Lenger,0,KZ,1565066585,20,42.18,69.89,95.0,6.71
Bowmore,40,US,1565066585,94,34.94,-79.3,75.0,0.47
Jingdezhen,27,CN,1565066586,42,29.29,117.2,100.13,1.74
Severodvinsk,75,RU,1565066586,93,64.56,39.82,48.2,4.47
Muisne,82,EC,1565066586,88,0.61,-80.02,72.77,18.07
Parkes,0,AU,1565066539,27,-33.14,148.18,66.0,6.93
Albertville,75,FR,1565066587,64,45.68,6.39,71.6,6.93
Leh,0,IN,1565066587,35,34.16,77.58,53.87,5.14
Ust-Maya,43,RU,1565066588,74,60.42,134.54,61.79,10.51
Miguel Hidalgo,90,MX,1565066588,87,19.41,-99.19,59.0,5.82
Collie,80,AU,1565066589,37,-33.36,116.15,62.01,4.92
Bindi,74,NG,1565066589,74,12.86,8.84,77.27,5.21
Enshi,100,CN,1565066589,87,30.29,109.48,74.93,3.53
Sommerda,0,DE,1565066590,93,51.15,11.1,63.0,8.05
Soe,7,EE,1565066590,93,57.91,26.05,54.0,8.05
Matagami,100,NG,1565066590,97,9.67,8.4,67.73,2.17
Kalulushi,14,ZM,1565066591,49,-12.84,28.09,65.57,7.4
Zhangye,15,CN,1565066591,16,38.94,100.46,86.45,10.67
Hit,0,IQ,1565066592,27,33.64,42.83,95.81,21.7
Bereda,40,ES,1565066592,93,43.27,-7.54,68.0,4.7
Camopi,100,GF,1565066592,99,3.17,-52.33,70.79,1.5
Tayoltita,65,MX,1565066593,96,24.11,-105.93,67.19,1.59
Severnoye,79,RU,1565066593,77,54.09,52.54,51.89,19.04
Fort Collins,1,US,1565066594,60,40.55,-105.07,71.6,4.7
Sabang,100,PH,1565066594,80,13.8,121.11,84.99,1.99
Mazatlan,90,MX,1565066400,100,23.22,-106.42,80.01,3.36
Winnemucca,1,US,1565066594,17,40.97,-117.74,78.8,2.37
Mosquera,75,CO,1565066595,71,4.71,-74.23,55.4,6.93
Samur,41,AZ,1565066595,52,41.64,48.43,67.37,6.06
Castanos,24,MX,1565066596,33,26.78,-101.42,91.99,4.0
Mokrous,22,RU,1565066596,58,51.24,47.51,58.91,20.04
Palu,35,ID,1565066596,71,-0.9,119.87,82.67,7.0
Luebo,15,CD,1565066597,56,-5.35,21.42,79.61,2.55
Gao,100,ML,1565066597,76,16.28,-0.04,77.81,29.84
Urengoy,51,RU,1565066597,41,65.96,78.37,70.97,12.44
Ust-Charyshskaya Pristan,0,RU,1565066598,41,52.39,83.67,81.59,7.36
Columbus,40,US,1565066322,100,32.46,-84.99,75.99,3.18
Lobito,68,AO,1565066598,84,-12.35,13.55,67.19,2.57
Virbalis,97,LT,1565066599,76,54.63,22.82,60.35,4.61
Catubig,100,PH,1565066599,70,12.41,125.06,84.47,14.56
Mogadishu,75,SO,1565066599,78,2.04,45.34,77.0,11.41
Erenhot,71,CN,1565066600,64,43.65,111.97,72.41,15.14
Bhatkal,100,IN,1565066600,83,13.97,74.57,80.51,12.68
Bugarama,0,BI,1565066601,42,-3.29,29.55,66.83,4.29
Bundaberg,90,AU,1565066382,49,-24.87,152.35,75.99,12.75
Dakar,20,SN,1565066557,78,14.69,-17.45,75.2,9.17
Vranov,90,CZ,1565066602,100,49.76,13.04,63.0,1.12
Mackay,90,CA,1565066602,93,53.65,-115.58,59.0,8.05
Eyl,94,SO,1565066603,49,7.98,49.82,85.91,34.52
Tiassale,100,CI,1565066603,98,5.9,-4.83,70.79,2.42
Ambilobe,8,MG,1565066604,58,-13.19,49.05,79.79,6.38
Sisophon,100,KH,1565066604,95,13.59,102.97,74.75,8.1
Tabas,0,IR,1565066604,13,33.6,56.92,98.6,6.93
Mbandaka,28,CD,1565066605,88,0.05,18.26,73.85,2.64
Xiongyue,99,CN,1565066605,84,40.18,122.12,79.97,5.84
Dubai,0,AE,1565066605,62,25.27,55.3,91.4,8.05
Kamien Pomorski,0,PL,1565066606,87,53.97,14.77,61.0,3.36
Teyateyaneng,0,LS,1565066606,24,-29.15,27.74,48.29,1.81
Zhezkazgan,0,KZ,1565066607,17,47.8,67.71,84.2,6.71
Grand Baie,40,MU,1565066594,88,-20.02,57.58,73.0,6.93
Mushie,13,CD,1565066607,76,-3.02,16.92,75.47,4.12
Jardim,0,BR,1565066608,76,-21.48,-56.15,56.75,3.13
Nivala,0,FI,1565066608,80,63.93,24.96,46.99,1.99
Santa Isabel do Rio Negro,100,BR,1565066608,72,-0.41,-65.02,72.23,1.92
Cam Ranh,75,VN,1565066609,49,11.92,109.15,93.2,5.82
Kuito,59,AO,1565066610,51,-12.38,16.94,63.05,2.75
Sandovo,99,RU,1565066610,90,58.46,36.41,46.85,7.0
San Pedro,0,AR,1565066610,73,-33.68,-59.66,52.0,5.01
Cerritos,1,US,1565066611,49,33.86,-118.05,77.0,5.82
Nur,40,PL,1565066611,72,52.67,22.32,65.03,5.48
Hong Gai,20,VN,1565066611,75,20.96,107.09,89.6,3.36
Aksha,100,RU,1565066612,92,50.28,113.29,49.55,7.56
Saint-Louis,23,SN,1565066612,81,16.03,-16.5,75.11,13.67
Keningau,75,MY,1565066612,83,5.33,116.16,87.01,16.11
Beruwala,100,LK,1565066613,80,6.48,79.98,82.67,15.93
Swan Hill,7,AU,1565066613,45,-35.34,143.56,62.69,8.32
Tupelo,1,US,1565066424,88,34.26,-88.7,77.0,2.64
Moradabad,90,IN,1565066614,57,28.83,78.77,93.65,5.28
Cuautepec,100,MX,1565066614,93,16.75,-99.0,73.49,2.19
Bani,85,YE,1565066614,80,16.02,42.93,87.53,15.26
Roquetas de Mar,0,ES,1565066615,88,36.76,-2.61,75.2,8.05
Samdrup Jongkhar,87,IN,1565066615,50,26.8,91.5,87.53,5.48
Eregli,59,TR,1565066615,36,37.51,34.05,72.95,9.24
Leninsk,0,RU,1565066616,67,48.69,45.2,57.2,11.18
Monopoli,0,IT,1565066616,49,40.95,17.3,75.99,4.7
Trincomalee,99,LK,1565066616,38,8.58,81.23,95.63,13.69
High Rock,100,BS,1565066617,72,26.63,-78.28,84.83,14.38
